PN,Nome,Descrição,UN,Importância,Tipo / Categoria,Local,Estoque Atual,Mínimo (30 dias),Máximo ( 60 dias),LEADTIME TOTAL
10PP0008,PAPEL OFICIO BRANCO 210MM X 297MM A4,Consumo: 4 resma por dia - Informação baseada na ultima compra F60922 150 resma chegou em 06/04/2026 finalizando em 12/05/2026,RM,Parada de Linha,Expediente,SUPERMERCADO,102,96,192,20 dias
12PL0024,SOLVENTE QUÍMICO KYZEN C8622,Consumo: 80 LT por 3 meses,GL,Parada de Linha,Químico,SUPERMERCADO,3,30,60,25 dias
13CB0001,CABO CONECTOR USB TIPO C,,UN,Parada de Linha,Consumivel,SEM-SALDO,0,30,60,20 dias
21MP0104,FRESA 1.2MM,"Consumo: 5 uni por dia - Informação Olina
Consumo: OP de 100k 39 fresas - Informção Udson Miranda - Analista Engenharia SMT",UN,Parada de Linha,Ponta,MRO-20,0,200,400,20 dias
21MP0105,FRESA 1.0 MM,Consumo: OP de 100k 183 fresas - Informção Udson Miranda - Analista Engenharia SMT,UN,Parada de Linha,Ponta,MRO-20,1050,184,368,20 dias
29TP0003,FITA ADESIVA CREPE 18MM X 50M,,UN,Parada de Linha,Expediente,MRO-21,135,50,100,20 dias
29TP0004,FITA ADESIVA DUREX 18MM X 50M,,UN,Parada de Linha,Expediente,ARM-EXP-05,6,50,100,20 dias
29TP0005,FITA ADESIVA DUREX 48MM X 50M,,UN,Parada de Linha,Expediente,SEM-SALDO,0,5,10,20 dias
29TP0082,FITA KAPTON DIM 12MMX33M,,UN,Parada de Linha,Consumivel,SEM-SALDO,0,10,20,20 dias
30UC0002,DEDEIRA ANTI-ESTATICA,DEDEIRA ANTI-ESTATICA BEGE PCT 720 - TAM M,PCT,Parada de Linha,ESD,MRO-14,19,100,200,20 dias
30UC0010,ESPONJA MELAMINA BRANCA,ESPONJA MELAMINA BRANCA 230 MM X 54 MM X 20 MM - MODELO 007,UN,Parada de Linha,Consumivel,MRO-14,236,1000,2000,20 dias
30UC0016,MALHA DESSOLDADORA 2.0 MM X 1.5 M,MALHA DESSOLDADORA 2.0 MM X 1.5 M,UN,Parada de Linha,Consumivel,MRO-14,93,50,100,20 dias
30UC0017,MALHA DESSOLDADORA 2.5 MM X 1.5 M,MALHA DESSOLDADORA 2.5 MM X 1.5 M,UN,Parada de Linha,Consumivel,MRO-14,102,50,100,20 dias
30UC0018,MALHA DESSOLDADORA 3.0MM X 1.5M,,UN,Parada de Linha,Consumivel,SEM-SALDO,0,50,100,20 dias
30UC0030,PONTA FERRO SOLDA T12 MODELO C1,,UN,Parada de Linha,Consumivel,MRO-14,177,150,300,20 dias
30UC0031,PONTA FERRO SOLDA T12 MODELO BC2,,UN,Parada de Linha,Consumivel,MRO-14,165,150,300,20 dias
30UC0033,PONTA FERRO SOLDA T12 MODELO C4,,UN,Parada de Linha,Consumivel,MRO-14,44,134,268,20 dias
30UC0034,"PONTA DISP. PLAST. VERDE -P18G 0,84MM G",,UN,Parada de Linha,Consumivel,MRO-14,2998,1000,2000,20 dias
30UC0035,PONTA DISPENSADORA PLASTICO AZUL CLARO 0.71 MM,"PONTA DISPENSADORA 0,71 MM PLAST.AZUL CL ",UN,Parada de Linha,Consumivel,MRO-14,538,550,1100,20 dias
30UC0036,PONTA DISPENSADORA PLASTICO VERDE OLIVA 1.55 MM - 14G,PONTA DISPENSADORA 14G 1.55MM PLAST. VERDE OLIVA P/982A,UN,Parada de Linha,Consumivel,MRO-14,40,500,1000,20 dias
30UC0037,PONTA DISPENSADORA DE COLA 1.36MM P.META 15G AMBAR,,UN,Parada de Linha,Consumivel,SEM-SALDO,0,200,400,20 dias
30UC0038,PONTA DISPENSAD. DE COLA VERDE METAL 18G,,UN,Parada de Linha,Consumivel,MRO-14,83,100,200,20 dias
30UC0039,PONTA DISPENSADORA. PLAST.ROSA 982A-P20G,,UN,Parada de Linha,Consumivel,MRO-14,485,1000,2000,20 dias
30UC0048,ROLO DE PANO WIPER GRAM WHITE E00038, Pano de alta absorção Waypall X70 / X80,UN,Parada de Linha,Limpeza Stencil,MRO-35,12,50,100,20 dias
30UC0052,"SOLVENTE ALFATEC 1200 BOMBONA C/ 5,0 LT",Consumo: 6 LT por dia,GL,Parada de Linha,Químico,GAIOLA-02,60,219,438,25 dias
30UC0053,SOLVENTE MP 249/G ICQL,,GL,Parada de Linha,Químico,GAIOLA-02,0,50,100,45 dias
30UC0094,FLUXO SOLDAGEM GEL SERINGA 10G LEAD FREE,FLUXO FLDS0300510G TIPO GEL SERINGA 10G LEAD FREE | R,UN,Parada de Linha,Consumivel,MRO-20,13,10,20,20 dias
30UC0096,ROLO LIMP. STENCIL DECK 50CM X 10M,,RL,Parada de Linha,Limpeza Stencil,MRO-33,50,242,484,20 dias
30UC0097,SOLVENTE C8882 CYBERSOLV,,GL,Parada de Linha,Químico,GAIOLA-02,0,2,4,25 dias
30UC0098,SOLVENTE MP 201/INV - BP 20 SOL. LIMPEZA DE STENCIL,,GL,Parada de Linha,Químico,GAIOLA-02,0,5,10,45 dias
30UC0258,ROLO DE TECIDO PERFEX 300M,ROLO DE TECIDO PERFEX 300M,UN,Parada de Linha,Limpeza Stencil,MRO-35,0,24,48,20 dias
34FR0003,ALICATE DE CORTE SENKRA SK-CHP170 1.3MM,,UN,Parada de Linha,Corte,SEM-SALDO,0,35,70,20 dias
53EP0043,LUVA ANTI-ESTATICA DISSIPADORA CINZA PALMA MAO-PU TAM G,LUVA ANTIEST. DISSIP. CINZA PALMA MAO-PU TAM.G,CX,Parada de Linha,ESD,SEM-SALDO,0,600,1200,25 dias
53EP0044,LUVA ANTI-ESTATICA DISSIPADORA CINZA PALMA MAO-PU TAM.M,,CX,Parada de Linha,ESD,SEM-SALDO,0,93,186,25 dias
53EP0045,LUVA ANTI-ESTATICA DISSIPADORA CINZA PALMA MAO-PU TAM.P,,CX,Parada de Linha,ESD,SEM-SALDO,0,116,232,25 dias
53EP0046,LUVA ANTI-ESTATICA DISSIPADORA CINZA PALMA MAO-PU TAM.PP,,CX,Parada de Linha,ESD,SEM-SALDO,0,500,1000,25 dias
53EP0047,LUVA ANTI-ESTATICA DISSIPADORA CINZA PONTA DEDO-PU TAM.G,,CX,Parada de Linha,ESD,MRO-13,290,2,4,25 dias
53EP0048,LUVA ANTI-ESTATICA DISSIPADORA CINZA PONTA DEDO-PU TAM.M,,CX,Parada de Linha,ESD,MRO-13,20,300,600,25 dias
53EP0049,LUVA ANTI-ESTATICA DISSIPADORA CINZA PONTA DEDO-PU TAM.P,,CX,Parada de Linha,ESD,MRO-13,12,300,600,25 dias
53EP0050,LUVA ANTI-ESTATICA DISSIPADORA PRETA PALMA MAO-PU TAM.G,,CX,Parada de Linha,ESD,MRO-13,190,600,1200,25 dias
53EP0052,LUVA ANTI-ESTATICA DISSIPADORA PRETA PALMA MAO-PU TAM.M,,CX,Parada de Linha,ESD,MRO-13,290,210,420,25 dias
53EP0053,LUVA ANTI-ESTATICA DISSIPADORA PRETA PALMA MAO-PU TAM.P,,CX,Parada de Linha,ESD,MRO-13,80,120,240,25 dias
53EP0054,LUVA ANTI-ESTATICA DISSIPADORA PRETA PALMA MAO-PU TAM.PP,,UN,Parada de Linha,ESD,SEM-SALDO,0,2,4,25 dias
53EP0055,CALCANHEIRA ANTIESTATICA C/ENGATE RAPIDO,,UN,Parada de Linha,ESD,SEM-SALDO,0,470,940,20 dias
53EP0067,PULSEIRA ANTIESTATICA,,UN,Parada de Linha,Consumivel,MRO-14,405,300,600,20 dias
53EP0126,LUVA NITRILICA SEM PO TAM P,,CX,Parada de Linha,ESD,ARM-28,58,60,120,25 dias
53EP0127,LUVA NITRILICA SEM PO TAM M,,CX,Parada de Linha,ESD,ARM-28,49,40,80,25 dias
53EP0128,LUVA NITRILICA SEM PO TAM G,,CX,Parada de Linha,ESD,ARM-28,18,20,40,25 dias
BROCA-002,"BROCA DE ACO RAPIDO 4,00X75MM TW100 DIN338 TWILL",,UN,Parada de Linha,Consumivel,MRO-19,50,50,100,20 dias
FITA-055,FITA ADESIVA DUREX 72MM X 100M (FITA DUREX SEM LOGO LARGA),,UN,Parada de Linha,Consumivel,ARM-11,36,2029,4058,15 dias
GRAMPO-002,GRAMPO TRILHO METALIZADO ROMEU E JULIETA CHAPARRAU 166-184,GRAMPO TRILHO METALIZADO ROMEU E JULIETA CHAPARRAU 166-184,UN,Parada de Linha,Consumivel,ARM-EXP-03,450,100,200,20 dias
RIBBON-007,"RI, RIBBON MISTO 110MMX450M, ROHS",,RL,Parada de Linha,Consumivel,MRO-19,19,50,100,20 dias
SOLVENTE-010,SOLVENTE MP 227/ICS ICQL,,GL,Parada de Linha,Químico,GAIOLA-02,0,50,100,45 dias
10PP0002,ENVELOP PAPEL SACO SCRITY 240MMX340MM A4,,UN,Importante,Expediente,ARM-19,558,500,1000,20 dias
10PP0003,PAPEL OFICIO A3 297MM X 420MM,,PCT,Importante,Expediente,SEM-SALDO,0,3,6,20 dias
10PP0004,PAPEL CARBONO DUPLA FACE PT 220MMX330MM,,UN,Importante,Expediente,MRO-19,3800,500,1000,25 dias
10PP0005,PAPEL FOTOGRAFICO A4 210MM X 297MM,,RM,Importante,Expediente,ARM-21,41,100,200,20 dias
10PP0006,PAPEL FOTOGRAFICO ADESIVO A4 210MMX297MM,,UN,Importante,Expediente,ARM-21,44,100,200,20 dias
10PP0007,PAPEL OFICIO AMARELO 210MM X 297MM,,PCT,Importante,Expediente,ARM-16,2,3,6,20 dias
10PP0009,PAPEL OFICIO VERDE 210MM X 297MM,,UN,Importante,Expediente,ARM-25,9,10,20,20 dias
10PP0010,PAPEL P/CERTIFIC.COUCHE BRILHO BRANCO A4,,UN,Importante,Expediente,SEM-SALDO,0,200,400,20 dias
10PP0011,PERFURADOR DE PAPEL 50 FLS,,UN,Importante,Expediente,ARM-EXP-01,3,0,0,25 dias
11AD0005,SILICON TAPE-022 3mmX10MMX200g - RP0SMJ04,,UN,Importante,Consumivel,SEM-SALDO,0,200,400,25 dias
12PL0001,"ABRACADEIRA PLAST, NYLON,PRETA TAM.20CM",,UN,Importante,Consumivel,SEM-SALDO,0,645,1290,20 dias
12PL0002,"ABRACADEIRA PLAST, NYLON,PRETA TAM.30CM",,UN,Importante,Consumivel,MRO-13,150,500,1000,20 dias
12PL0004,CARRETEL PLASTICO VAZIO N°5,,UN,Importante,Consumivel,SEM-SALDO,0,0,0,25 dias
12PL0005,EMBALAG.PLAST.ANTIESTATICA TAM.25MMX25MM,,UN,Importante,Consumivel,SEM-SALDO,0,500,1000,20 dias
12PL0006,EMBALAG.PLAST.ANTIESTATICA TAM.50MMX45MM,,UN,Importante,Consumivel,SEM-SALDO,0,500,1000,20 dias
12PL0007,ENVELOP PLASTICO 240MMX330MM(OFICIO) 4F,,UN,Importante,Expediente,ARM-23,11150,500,1000,20 dias
12PL0008,"FUNIL PLASTICO 12,5CM",,UN,Importante,Consumivel,MRO-18,2,5,10,20 dias
12PL0009,PLASTICO P/PLASTIFICAR TAM. A4 220MMX307,,UN,Importante,Expediente,SEM-SALDO,0,500,1000,20 dias
12PL0010,SERINGA DISPENSADORA PLAST.100CC C/PISTO,,UN,Importante,Consumivel,MRO-20,77,50,100,20 dias
12PL0011,SERINGA DISPENSADORA PLAST.30CC C/PISTON,"Consumo: 9 uni por dia - Informação da reserva de produção.
Consumo: OP de 100k - usa 32 uni - Informação de Udson Miranda - Analista de Engenharia.",UN,Importante,Consumivel,MRO-20,120,120,240,20 dias
12PL0012,SERINGA DISPENSADORA PLAST.55CC C/PISTON,"Consumo: 6 uni por dia - Informação da reserva de produção.
Consumo: OP de 100k - usa 51 uni - Informação de Udson Miranda - Analista de Engenharia.",UN,Importante,Consumivel,MRO-20,86,120,240,20 dias
12PL0013,BISNAGA ALMOTOLIA BICO RETO 120ML,,UN,Importante,Consumivel,MRO-15,152,30,60,20 dias
12PL0014,BISNAGA ALMOTOLIA BICO RETO 250ML,,UN,Importante,Consumivel,MRO-15,1,50,100,20 dias
12PL0015,JARRA GRADUADA POLIPROPILENO 1 LT TRANSP,,UN,Importante,Consumivel,SEM-SALDO,0,0,0,25 dias
12PL0016,JARRA GRADUADA POLIPROPILENO 2 LT TRANSP,,UN,Importante,Consumivel,MRO-18,1,2,4,25 dias
12PL0017,BORRIFADOR PULVERIZADOR,,UN,Importante,Consumivel,SEM-SALDO,0,30,60,20 dias
17ME0001,ALMOFADA PARA CARIMBO COR AZUL N°03,,UN,Importante,Expediente,ARM-EXP-04,10,2,4,20 dias
17ME0002,ALMOFADA PARA CARIMBO COR PRETA N°03,,UN,Importante,Expediente,ARM-EXP-04,12,2,4,20 dias
17ME0003,ALMOFADA PARA CARIMBO COR VERMELHA N°03,,UN,Importante,Expediente,ARM-EXP-04,1,57,114,15 dias
17ME0004,APAGADOR PARA QUADRO BRANCO,,UN,Importante,Expediente,ARM-EXP-03,1,5,10,20 dias
17ME0006,APONTADOR DE LAPIS,,UN,Importante,Expediente,ARM-EXP-04,1,5,10,20 dias
17ME0007,"BASTAO DE COLA QUENTE 11,2MM X 30CM",,UN,Importante,Expediente,MRO-13,70,50,100,20 dias
17ME0008,BLOCO DE MOVIMENTACAO DE MATERIAL,,UN,Importante,Expediente,IM-22,167,50,100,20 dias
17ME0009,BORRACHA BRANCA,,UN,Importante,Expediente,ARM-EXP-05,56,30,60,20 dias
17ME0010,BORRACHA DUAS CORES,,UN,Importante,Expediente,SEM-SALDO,0,3,6,20 dias
17ME0011,CADERNO BROCHURAO AZUL 96FLS,,UN,Importante,Expediente,SEM-SALDO,0,10,20,20 dias
17ME0012,CADERNO BROCHURAO PRETO 96FLS,,UN,Importante,Expediente,SEM-SALDO,0,5,10,20 dias
17ME0013,CADERNO BROCHURAO VERDE 96FLS,,UN,Importante,Expediente,SEM-SALDO,0,5,10,20 dias
17ME0014,CADERNO DE PROTOCOLO DE CORRESPONDENCIA,,UN,Importante,Expediente,ARM-EXP-01,17,20,40,20 dias
17ME0015,COLA BASTAO BRANCA,,UN,Importante,Expediente,ARM-EXP-03,28,10,20,20 dias
17ME0016,CALCULADORA 08 DIGITOS,,UN,Importante,Expediente,ARM-EXP-03,14,5,10,20 dias
17ME0017,CALCULADORA 12 DIGITOS,,UN,Importante,Expediente,SEM-SALDO,0,7,14,20 dias
17ME0018,CANETA CORRETIVA 8ML,,UN,Importante,Expediente,SEM-SALDO,0,10,20,20 dias
17ME0019,CANETA ESFEROGRAFICA AZUL,,UN,Importante,Expediente,ARM-EXP-04,130,200,400,20 dias
17ME0020,CANETA ESFEROGRAFICA PRETA,,UN,Importante,Expediente,ARM-EXP-04,299,150,300,20 dias
17ME0021,CANETA ESFEROGRAFICA VERMELHA,,UN,Importante,Expediente,ARM-EXP-04,69,100,200,20 dias
17ME0022,CARIMBO DE LANCAMENTO - DATADOR,,UN,Importante,Expediente,ARM-EXP-02,10,10,20,15 dias
17ME0023,CARIMBO DE TRANSFERENCIA INVENTUS DATADO,,UN,Importante,Expediente,ARM-EXP-02,10,12,24,15 dias
17ME0024,"CARTAO INDICADOR DE UMIDA,HIC 5%-10%-60%",,UN,Importante,Consumivel,SEM-SALDO,0,100,200,20 dias
17ME0025,CLIPS GALVANIZADO 2/0,,UN,Importante,Expediente,ARM-EXP-03,4,10,20,20 dias
17ME0026,CLIPS GALVANIZADO 3/0,,UN,Importante,Expediente,ARM-EXP-03,10,10,20,20 dias
17ME0027,CLIPS GALVANIZADO 4/0,,CX,Importante,Expediente,ARM-EXP-03,20,6,12,20 dias
17ME0028,CLIPS GALVANIZADO 6/0,,UN,Importante,Expediente,SEM-SALDO,0,6,12,20 dias
17ME0029,CLIPS GALVANIZADO 8/0,,UN,Importante,Expediente,ARM-EXP-03,9,6,12,20 dias
17ME0030,DISPLAY OFFICE A4-ACRILICO 32CM X23.5CM,,UN,Importante,Expediente,ARM-EXP-05,0,2,4,20 dias
17ME0031,DIVISORIAS PARA FICHARIO,,UN,Importante,Expediente,ARM-EXP-01,21,20,40,20 dias
17ME0032,EXTRATOR DE GRAMPO ESPATULA,,UN,Importante,Expediente,ARM-EXP-04,14,10,20,20 dias
17ME0033,"GRAMPEADOR METAL 11,5 CM P/20FL",,UN,Importante,Expediente,ARM-EXP-05,28,10,20,20 dias
17ME0034,GRAMPO GALVANIZADO P/GRAMPEAD 20FLS 26/6,,CX,Importante,Expediente,ARM-EXP-03,1,10,20,20 dias
17ME0035,GRAMPO GALVANIZADO P/GRAMPEADOR 25 FLS ENAK-10,GRAMPO GALVANIZADO P/GRAMPEADOR 25 FLS ENAK-10,CX,Importante,Expediente,ARM-EXP-03,2,2,4,25 dias
17ME0036,GRAMPO PARA FITA DE EMENDA CX C/ 4000PCS,,CX,Importante,Consumivel,MRO-16,4,8,16,20 dias
17ME0037,LAPIS,,UN,Importante,Expediente,SEM-SALDO,0,10,20,20 dias
17ME0038,LAPIS MARCADOR DE PCB AZUL,,UN,Importante,Consumivel,ARM-EXP-02,156,10,20,25 dias
17ME0039,LAPIS MARCADOR DE PCB PRETO,,UN,Importante,Consumivel,ARM-EXP-02,480,10,20,25 dias
17ME0040,LAPIS MARCADOR DE PCB VERMELHO,,UN,Importante,Consumivel,ARM-EXP-02,132,10,20,25 dias
17ME0041,"LAPISEIRA GRAFITE 0,7",,UN,Importante,Expediente,SEM-SALDO,0,5,10,25 dias
17ME0042,"LAPISEIRA GRAFITE 0,9",,UN,Importante,Expediente,SEM-SALDO,0,5,10,25 dias
17ME0043,ORGANIZADOR DE DOCUMENT.TRIPLO ARTICULAD,,UN,Importante,Expediente,IM-22,5,5,10,25 dias
17ME0044,ORGANIZADOR DE DOCUMENT.TRIPLO HORIZONTA,,UN,Importante,Expediente,,0,5,10,25 dias
17ME0045,ORGANIZADOR DE DOCUMENT.TRIPLO VERTICAL,,UN,Importante,Expediente,,0,5,10,25 dias
17ME0046,ORGANIZADOR DE GAVETA ESCRITORIO,,UN,Importante,Expediente,,0,3,6,25 dias
17ME0047,PASTA CATALOGO 240MM X 330MM,,UN,Importante,Expediente,MRO-18,20,63,126,20 dias
17ME0048,PASTA L A4 TRANSPARENTE,,UN,Importante,Expediente,ARM-23,16,30,60,20 dias
17ME0049,PASTA L AMARELA,,UN,Importante,Expediente,SEM-SALDO,0,10,20,25 dias
17ME0050,PASTA L AZUL,,RL,Importante,Expediente,IM-22,6,10,20,25 dias
17ME0051,PASTA L CRISTAL,,UN,Importante,Expediente,ARM-23,26,10,20,25 dias
17ME0052,PASTA L FUME,,UN,Importante,Expediente,,0,10,20,20 dias
17ME0053,PASTA L VERDE,,PCT,Importante,Expediente,,0,10,20,25 dias
17ME0054,PASTA L VERMELHA,,UN,Importante,Expediente,,0,10,20,25 dias
17ME0055,PASTA PORTA QUADRO DE HORARIO DE TRABALHO HORIZONTAL 320MM X 237MM,,UN,Importante,Expediente,MRO-20,0,100,200,20 dias
17ME0056,PASTA QUIMICA PARA PONTA DE SOLDA,,UN,Importante,Químico,ARM-EXP-04,40,40,80,20 dias
17ME0057,PINCEL ANTIEST. AZUL ZEBRADO,,UN,Importante,Consumivel,SEM-SALDO,0,50,100,35 dias
17ME0058,PINCEL ANTIEST. PRETO ZEBRADO,,UN,Importante,Consumivel,ARM-17,490,50,100,35 dias
17ME0059,PINCEL ANTIEST. ROSA ZEBRADO,,UN,Importante,Consumivel,ARM-17,120,50,100,25 dias
17ME0060,PINCEL ANTIEST. VERDE ZEBRADO,,UN,Importante,Consumivel,ARM-17,550,50,100,35 dias
17ME0061,PINCEL ANTIEST. VERMELHO ZEBRADO,,UN,Importante,Consumivel,ARM-17,70,50,100,35 dias
17ME0062,PINCEL ATÔMICO MARCADOR PERMANENTE AZUL,,UN,Importante,Expediente,ARM-EXP-05,3,5,10,25 dias
17ME0063,PINCEL MARCAD. QUADRO BRANCO WBM-7 AZUL,,UN,Importante,Expediente,MRO-15,246,100,200,20 dias
17ME0064,PINCEL MARCAD. QUADRO BRANCO WBM-7 PRETO,,UN,Importante,Expediente,MRO-15,293,100,200,25 dias
17ME0065,PINCEL MARCAD. QUADRO BRANCO WBM-7 VERDE,,UN,Importante,Expediente,MRO-15,807,100,200,25 dias
17ME0066,PINCEL MARCAD. QUADRO BRANCO WBM-7 VERME,,UN,Importante,Expediente,MRO-15,248,100,200,20 dias
17ME0067,PINCEL MARCADOR DE TEXTO AMARELO,,UN,Importante,Expediente,ARM-EXP-03,0,15,30,20 dias
17ME0068,PINCEL MARCADOR DE TEXTO AZUL,,UN,Importante,Expediente,ARM-EXP-03,0,15,30,20 dias
17ME0069,PINCEL RETROPROJETOR 2.0 MM AZUL,,UN,Importante,Expediente,SEM-SALDO,0,113,226,20 dias
17ME0070,PINCEL RETROPROJETOR 2.0 MM PRETO,,UN,Importante,Expediente,MRO-15,0,82,164,20 dias
17ME0071,PINCEL RETROPROJETOR 2.0 MM VERDE,,UN,Importante,Expediente,MRO-15,424,132,264,20 dias
17ME0072,PINCEL RETROPROJETOR 2.0 MM VERMELHO,,UN,Importante,Expediente,MRO-15,741,100,200,25 dias
17ME0073,PINCEL RETROPROJETOR FINO 1.0MM VERMELHO,,UN,Importante,Expediente,ARM-22,0,10,20,20 dias
17ME0074,PINCEL RETROPROJETOR FINO 1.0MM AZUL,,UN,Importante,Expediente,ARM-23,100,16,32,20 dias
17ME0075,PINCEL RETROPROJETOR FINO 1.0MM PRETO,,UN,Importante,Expediente,ARM-23,120,18,36,20 dias
17ME0076,PINCEL RETROPROJETOR FINO 1.0MM VERDE,,UN,Importante,Expediente,ARM-22,0,5,10,20 dias
17ME0077,"PONTA GRAFITE 0,5MM",,UN,Importante,Expediente,ARM-EXP-04,0,2,4,25 dias
17ME0078,"PONTA GRAFITE 0,7MM",,UN,Importante,Expediente,ARM-EXP-04,15,10,20,25 dias
17ME0079,"PONTA GRAFITE 0,9MM",,UN,Importante,Expediente,ARM-EXP-04,29,10,20,25 dias
17ME0080,PORTA CANETA/ CLIPES,,UN,Importante,Expediente,ARM-EXP-05,0,10,20,20 dias
17ME0081,POST IT 38X50 PEQUENO 100FLS,,UN,Importante,Expediente,ARM-EXP-03,63,20,40,20 dias
17ME0082,POST IT 76X76 GRANDE C 90 FLS,,UN,Importante,Expediente,ARM-EXP-03,3,20,40,20 dias
17ME0083,PRANCHETA DURATEX OFICIO C/PRENDED.METAL,,UN,Importante,Expediente,ARM-17,18,5,10,20 dias
17ME0084,REGUA TRANSPARENTE 30 CM,,UN,Importante,Expediente,ARM-EXP-05,2,30,60,20 dias
17ME0085,REGUA TRANSPARENTE 50 CM,,UN,Importante,Expediente,ARM-EXP-05,8,5,10,25 dias
17ME0086,TESOURA ESCOLAR SEM PONTA 13CM,,UN,Importante,Expediente,ARM-EXP-04,8,10,20,20 dias
17ME0087,TESOURA MULTIUSO 21CM,,UN,Importante,Expediente,SEM-SALDO,0,10,20,20 dias
17ME0088,TINTA PARA CARIMBO AZUL,,UN,Importante,Expediente,ARM-EXP-04,9,5,10,25 dias
17ME0089,TINTA PARA CARIMBO PRETO,,UN,Importante,Expediente,ARM-EXP-04,1,5,10,20 dias
17ME0090,TINTA PARA CARIMBO VERMELHO,,UN,Importante,Expediente,ARM-EXP-04,12,5,10,25 dias
17ME0092,"CANETA DE FLUXO DE RESINA PARA SOLDA, NÃO CORROSIVA. 951. 10ml",,UN,Importante,Expediente,MRO-19,24,50,100,25 dias
17ME0093,Pincel Marcador de texto laranja,,UN,Importante,Expediente,ARM-EXP-03,0,12,24,20 dias
17ME0094,Pincel Marcador de texto rosa,,UN,Importante,Expediente,ARM-EXP-03,0,48,96,20 dias
17ME0095,Pincel Marcador de texto verde,,UN,Importante,Expediente,ARM-EXP-03,0,5,10,20 dias
20LB0001,"ETIQUETA ADES BRANCA SFC 8X8MM, PI FOSCA",,UN,Importante,Consumivel,,0,35715,71430,25 dias
20LB0002,ETIQUETA 003 ADESIVA NAO-CONFORME AM.TAM. 40X30MM,,UN,Importante,Consumivel,MRO-22,0,10000,20000,25 dias
20LB0003,ETIQUETA ADESIVA DE SCRAP 100MM X 100MM,,UN,Importante,Consumivel,MRO-17,0,6000,12000,25 dias
20LB0004,ETIQUETA ADESIVA DE SCRAP 60MMX 40MM,,UN,Importante,Consumivel,MRO-19,0,5000,10000,25 dias
20LB0005,ETIQUETA ADESIVA NAO CONFORME 100MMX80MM,,UN,Importante,Consumivel,MRO-22,0,6000,12000,25 dias
20LB0006,ETIQUETA ADESIVA NAO CONFORME 60MMX40MM,,UN,Importante,Consumivel,MRO-22,0,5000,10000,25 dias
20LB0015,Visor e etiqueta para pasta suspensa,,CX,Importante,Expediente,ARM-EXP-03,4,2,4,25 dias
21MP0001,AGULHA HIPODERMICA,,UN,Importante,Consumivel,,0,10,20,20 dias
21MP0002,LAMINA PARA ESTILETE ESTREITO 9MM,,UN,Importante,Expediente,ARM-EXP-04,120,10,20,25 dias
21MP0003,LAMINA PARA ESTILETE LARGO 18 MM,,UN,Importante,Expediente,ARM-EXP-04,110,50,100,25 dias
21MP0004,LAMINA P/ESTILETE STARRET 60MMX19MM S01R,,UN,Importante,Expediente,ARM-EXP-01,80,50,100,20 dias
21MP0005,"BROCA DE METAL 4,00 X 75MM",,UN,Importante,Consumivel,MRO-19,0,100,200,20 dias
21MP0106,"LAMINA POLIEX ESD ROSA/AZUL 0,5 X 230 X 80MM",,UN,Importante,Corte,,0,32500,65000,20 dias
21MP0107,"NOZZLE HAKKO BENT SINGLE - 2,5 mm - N51-01",,UN,Importante,Consumivel,MRO-20,22,20,40,25 dias
25PK0001,CAIXA DE ARQUIVO MORTO,,UN,Importante,Expediente,,0,150,300,20 dias
25PK0038,Bin condutivo N° 3i dim 165x95x70mm,,UN,Importante,Consumivel,,0,15,30,20 dias
25PK0039,TABULEIRO MEDIDA INTERNA – 345 X 225 MEDIDA LIQUIDA – 245 X,,UN,Importante,Embalagem,MRO-17,0,200,400,20 dias
29TP0001,FITA ADESIVA ANTIEST.ESD 25MMX36M TRANSP,,UN,Importante,Consumivel,,0,5,10,25 dias
29TP0002,FITA ADESIVA ANTIEST.ESD 48MMX36M TRANSP,,UN,Importante,Consumivel,,0,5,10,25 dias
29TP0006,FITA ADESIVA PAPEL DUPLA FACE 18MM X 30M,,UN,Importante,Expediente,,0,15,30,20 dias
29TP0007,FITA ADESIVA PAPEL DUPLA FACE 48MM X 30M,,UN,Importante,Expediente,,0,10,20,25 dias
29TP0008,FITA DE DEMARC. SOLO ADESIVA AMARELA TAM. 50MMX30M,,UN,Importante,Consumivel,MRO-17,0,20,40,25 dias
29TP0009,FITA DE DEMARC. SOLO ADESIVA AZUL TAM. 50MMX30M,,UN,Importante,Consumivel,MRO-17,85,50,100,20 dias
29TP0010,FITA DE DEMARC. SOLO ADESIVA P/AREA ESD TAM. 48MMX20M CAUTION,,UN,Importante,Consumivel,MRO-17,3,50,100,25 dias
29TP0011,FITA DE DEMARC. SOLO ADESIVA PRETO TAM. 50MMX30M,,UN,Importante,Consumivel,MRO-17,2,2,4,25 dias
29TP0012,FITA DE DEMARC. SOLO ADESIVA VERDE TAM. 50MMX30M,,UN,Importante,Consumivel,MRO-17,29,20,40,25 dias
29TP0013,FITA DE DEMARC. SOLO ADESIVA VERMELHO TAM. 50MMX30M,,UN,Importante,Consumivel,MRO-17,119,20,40,25 dias
29TP0014,FITA DE DEMARC. SOLO ANTIDERRAPANTE TAM. 50MMX5M,,UN,Importante,Consumivel,,0,5,10,25 dias
29TP0015,FITA DE DEMARC. SOLO ZEBRADA PRETO/AMARE TAM. 48MMX30M,,UN,Importante,Consumivel,MRO-17,2,20,40,25 dias
29TP0016,FITA DE DEMARC. SOLO ZEBRADA VERDE/BRANCA TAM. 48MMX30M,,UN,Importante,Consumivel,MRO-17,6,10,20,25 dias
29TP0017,FITA DE DEMARC. SOLO ZEBRADA VERMELHA/BRANCA TAM. 48MMX30M,,UN,Importante,Consumivel,,0,5,10,25 dias
29TP0018,FITA DE EMENDA CARRETEL SMT 12 MM,,CX,Importante,Consumivel,MRO-16,16,2,4,25 dias
29TP0019,FITA DE EMENDA CARRETEL SMT 8 MM,,UN,Importante,Consumivel,MRO-16,0,2,4,25 dias
29TP0020,FITA DE IMPRESSORA NYLON PRETO 13MM X 4M,,UN,Importante,Consumivel,MRO-20,33,15,30,25 dias
29TP0021,FITA DE ISOLANTE AMARELA 18MM X 20M,,UN,Importante,Consumivel,MRO-21,12,30,60,20 dias
29TP0022,FITA DE ISOLANTE AZUL 18MM X 20M,,UN,Importante,Consumivel,MRO-21,31,15,30,25 dias
29TP0023,FITA DE ISOLANTE PRETA 18MM X 20M,,UN,Importante,Consumivel,MRO-21,7,20,40,20 dias
29TP0024,FITA DE ISOLANTE VERDE 18MM X 20M,,UN,Importante,Consumivel,MRO-21,30,15,30,25 dias
29TP0025,FITA DE ISOLANTE VERMELHA 18MM X 20M,,UN,Importante,Consumivel,MRO-21,45,15,30,25 dias
29TP0026,FITA DUPLA FACE 3M 19MM X 20M,,UN,Importante,Expediente,,0,7,14,20 dias
29TP0027,FITA PROTETORA VERDE PARA DEDOS 25MMX15M,,UN,Importante,Consumivel,MRO-14,42,64,128,20 dias
29TP0028,FITA VEDA ROSCA 18MM X 10M,,UN,Importante,Consumivel,,0,20,40,20 dias
29TP0029,FITA ZEBRADA PRETO/AMARELO P/SINALIZACAO TAM. 70MM X 200M,,UN,Importante,Consumivel,,0,20,40,20 dias
29TP0030,"TAPE-023, 3M 244, 50M*12MM*0,08MM, RO",,UN,Importante,Consumivel,MRO-32,123,250,500,25 dias
29TP0046,NHE410BA FITA ANTIESTATICA DIM 13MMX36M QUADRICULADA,,UN,Importante,Consumivel,ARM-11,570,150,300,25 dias
29TP0047,NHE410K FITA KAPTON DIM 3MMX33M,,UN,Importante,Consumivel,MRO-18,406,100,200,25 dias
29TP0048,NHE410K FITA KAPTON DIM 8MMX33M,,UN,Importante,Consumivel,MRO-18,249,200,400,20 dias
29TP0052,Fita adesiva transp. durex 12mm x 40m,,UN,Importante,Expediente,,0,40,80,20 dias
29TP0081,"
FITA KAPTON DIM 13MMX33M",NHE410K FITA KAPTON DIM 13MMX33M,UN,Importante,Consumivel,MRO-18,0,0,0,25 dias
30UC0001,COTONETE,,UN,Importante,Consumivel,MRO-15,251,100,200,20 dias
30UC0003,ESCOVA ANTIEST.CABO MADEIRA CERDAS LATAO,,UN,Importante,Consumivel,MRO-15,350,100,200,20 dias
30UC0004,ESCOVA ANTIEST.CABO MADEIRA CERDAS MACIA,,UN,Importante,Consumivel,MRO-15,488,100,200,20 dias
30UC0005,ESCOVA ANTIEST.PRETA GR.C/CABO EM U TAM.21MM X 152MM X 30MM,,UN,Importante,Consumivel,MRO-20,97,10,20,25 dias
30UC0006,ESCOVA ANTIEST.PRETA PEQ.C/CABO EM U TAM.20MM X 66MM X28 MM,,UN,Importante,Consumivel,MRO-20,64,10,20,25 dias
30UC0007,ESCOVA ANTIEST.PRETA MEDIA  TAM.22MM X 90MM X 225MM,,UN,Importante,Consumivel,MRO-20,26,50,100,20 dias
30UC0008,ESCOVA ANTIEST.PRETA PEQUENA TAM.16MM X 58MM X 172MM,,UN,Importante,Consumivel,MRO-21,190,100,200,25 dias
30UC0009,ESPARADRAPO,,UN,Importante,Consumivel,ARM-EXP-03,6,2,4,20 dias
30UC0011,ESPONJA METALICA PARA FERRO DE SOLDA,,UN,Importante,Consumivel,MRO-13,577,122,244,20 dias
30UC0012,ESPONJA VEGETAL PARA FERRO DE SOLDA,,UN,Importante,Consumivel,MRO-15,0,50,100,25 dias
30UC0013,LIGA ELASTICA SUPER AMARELO N°18,,UN,Importante,Expediente,SEM-SALDO,0,6000,12000,20 dias
30UC0014,LIQUIDO LIMPEZA ANTIESTATICA NHE 376,,GL,Importante,Químico,GAIOLA-02,4,3,6,20 dias
30UC0015,LIXA D'AGUA 360°,,UN,Importante,Consumivel,MRO-19,417,500,1000,20 dias
30UC0019,PALITO ANTIEST. SPUDGER 5 GRAMAS NHE573A,,UN,Importante,Consumivel,MRO-14,195,170,340,20 dias
30UC0020,PANO DE CHAO ALVEJADO,,UN,Importante,Consumivel,MRO-33,400,640,1280,20 dias
30UC0021,PILHA ALCALINA AAA,,UN,Importante,Expediente,ARM-EXP-02,242,100,200,20 dias
30UC0022,PILHA ALCALINA C,,UN,Importante,Expediente,ARM-EXP-02,66,30,60,20 dias
30UC0023,PILHA BATERIA 9V,,UN,Importante,Expediente,ARM-EXP-02,29,30,60,20 dias
30UC0024,PILHA BATERIA CR2032 3V,,UN,Importante,Expediente,ARM-EXP-02,30,10,20,20 dias
30UC0025,PILHA COMUM AA,,UN,Importante,Expediente,ARM-EXP-02,2,76,152,20 dias
30UC0026,"PILHA LR44 ALCALINA 1,5V",,UN,Importante,Expediente,ARM-EXP-02,30,20,40,20 dias
30UC0027,PINCA ANTIEST. METALICA PONTA FINA 114MM,,UN,Importante,Consumivel,,0,10,20,25 dias
30UC0028,PINCA ANTIEST. PONTA FINA,,UN,Importante,Consumivel,,0,10,20,25 dias
30UC0029,PINCA CONDUT.ESD TZP 120MM PONTA CHATA 3.3MM,,UN,Importante,Consumivel,MRO-14,1046,161,322,20 dias
30UC0032,PONTA DE FERRO DE SOLDA T12- C3,,UN,Importante,Consumivel,SEM-SALDO,0,100,200,25 dias
30UC0040,"PONTA PHILIPS (BIT PH 2E, ENCAIXE 1/4"" COMPRIMENTO 75MM, DIAMETRO 4,5MM)",,UN,Importante,Ponta,,0,50,100,25 dias
30UC0041,"PONTA PHILIPS (BIT PH0, ENCAIXE 1/4"", COMPRIMENTO 50MM, DIAMETRO 2,97MM)",,UN,Importante,Ponta,MRO-19,14,50,100,25 dias
30UC0042,"PONTA PHILIPS DE PARAFUSAD.PH1 BIT 100MM 1/4"" ENGATE RAPIDO",,UN,Importante,Ponta,MRO-19,56,20,40,25 dias
30UC0043,PROTETOR P/ BICO SUGADOR DE SOLDA,,UN,Importante,Consumivel,MRO-19,36,20,40,25 dias
30UC0044,REFIL DE TINTA IMPRESSORA EPSON L3110 ECOTANK 544 AMARELO,,UN,Importante,Impressão,ARM-EXP-04,4,3,6,20 dias
30UC0045,REFIL DE TINTA IMPRESSORA EPSON L3110 ECOTANK 544 CIANO,,UN,Importante,Impressão,ARM-EXP-04,4,4,8,20 dias
30UC0046,REFIL DE TINTA IMPRESSORA EPSON L3110 ECOTANK 544 MAGENTA,,UN,Importante,Impressão,ARM-EXP-04,4,4,8,20 dias
30UC0047,REFIL DE TINTA IMPRESSORA EPSON L3110 ECOTANK 544 PRETO,,UN,Importante,Impressão,ARM-EXP-04,0,8,16,20 dias
30UC0049,"SACHE DE SILICA GEL 2,5CM X 6,0CM",,UN,Importante,Consumivel,,0,200,400,25 dias
30UC0050,SENSOR PARA TERMÔMETRO FERRO DE SOLDA,,UN,Importante,Consumivel,MRO-19,0,100,200,20 dias
30UC0051,SETAS DE SCRAP 10MM X 10MM,,UN,Importante,Consumivel,,0,15000,30000,25 dias
30UC0054,SUPORTE PARA ESPONJA DE METALICA,,UN,Importante,Consumivel,MRO-20,4,5,10,25 dias
30UC0095,POTEÇÃO P/STENCIL AZUL/TRANSPARENTE- STENCIL PROTECTION,,RL,Importante,Limpeza Stencil,,0,10,20,25 dias
30UC0099,VENTOSA ESD HAKKO A1167,,UN,Importante,Consumivel,,0,20,40,20 dias
30UC0279,AGUA DESMINERALIZADA GL C/ 5L,,GL,Importante,Químico,GAIOLA-02,4,2,4,20 dias
34FR0002,"ALICATE DE BICO,LONG NOSE PLIERS ZJ-125",,UN,Importante,Corte,MRO-18,12,30,60,20 dias
34FR0004,APLICADOR MANUAL DE FITA ADESIVA 72MM,,UN,Importante,Expediente,,0,3,6,25 dias
34FR0005,ESTILETE DE SEGURANCA VONDER 9MM,,UN,Importante,Expediente,ARM-EXP-01,5,10,20,20 dias
34FR0006,ESTILETE PEQUENO 9MM,,UN,Importante,Expediente,,0,3,6,20 dias
34FR0007,ESTILETE TRAPEZOIDAL RETRAT.STARRET S014,,UN,Importante,Expediente,ARM-EXP-05,17,9,18,20 dias
34FR0008,DISPENSADOR DE FITA SF 200,,UN,Importante,Expediente,MRO-20,0,5,10,20 dias
34FR0009,DISPENSADOR DE FLUIDOS AD60 180ML ESD,,UN,Importante,Consumivel,MRO-15,0,20,40,20 dias
34FR0010,DISPENSADOR- TE GREEN ADAPTOR 100CC PARA,,UN,Importante,Consumivel,MRO-19,109,25,50,25 dias
34FR0011,DISPENSADOR- TE GREEN ADAPTOR 55CC PARA,,UN,Importante,Consumivel,MRO-19,14,25,50,20 dias
34FR0012,SUGADOR DE SOLDA,,UN,Importante,Consumivel,MRO-19,0,10,20,25 dias
34FR0057,ALICATE DE CORTE 170 II XURON NHE575X,ALICATE DE CORTE 170 II XURON NHE575X,UN,Importante,Corte,MRO-18,0,40,80,20 dias
53EP0001,BONE ANTIESTATICO AZUL,,UN,Importante,Vestimenta ESD,SALA-COORDENADOR,33,30,60,45 dias
53EP0002,BONE ANTIESTATICO BRANCO,,UN,Importante,Vestimenta ESD,ARM-13,246,50,100,45 dias
53EP0003,BONE ANTIESTATICO LARANJA,,UN,Importante,Vestimenta ESD,ARM-13,26,20,40,45 dias
53EP0004,BONE ANTIESTATICO VERDE,,UN,Importante,Vestimenta ESD,ARM-13,1,30,60,45 dias
53EP0005,BONE ANTIESTATICO VINHO,,UN,Importante,Vestimenta ESD,ARM-13,36,10,20,45 dias
53EP0006,JALECO BRANCO ANTI. C/MANGA LONGA - EXGG,,UN,Importante,Vestimenta ESD,ARM-07,0,5,10,45 dias
53EP0007,JALECO BRANCO ANTI. C/MANGA LONGA TAM. G,,UN,Importante,Vestimenta ESD,ARM-03,10,30,60,45 dias
53EP0008,JALECO BRANCO ANTI. C/MANGA LONGA TAM.GG,,UN,Importante,Vestimenta ESD,SEM-SALDO,0,20,40,45 dias
53EP0009,JALECO BRANCO ANTI. C/MANGA LONGA TAM. M,,UN,Importante,Vestimenta ESD,ARM-03,20,50,100,45 dias
53EP0010,JALECO BRANCO ANTI. C/MANGA LONGA TAM. P,,UN,Importante,Vestimenta ESD,ARM-02,41,50,100,45 dias
53EP0011,JALECO BRANCO ANTI. C/MANGA LONGA TAM.PP,,UN,Importante,Vestimenta ESD,ARM-02,9,30,60,45 dias
53EP0012,JALECO BRANCO ANTI. C/MANGA LONGA TAM.XG,,UN,Importante,Vestimenta ESD,,0,20,40,45 dias
53EP0013,JALECO BRANCO ANTI. C/MANGA LONGA TA.EXG GOLA LARANJA,,UN,Importante,Vestimenta ESD,,0,5,10,45 dias
53EP0014,JALECO BRANCO ANTI. C/MANGA LONGA TAM. G GOLA LARANJA,,UN,Importante,Vestimenta ESD,ARM-05,6,5,10,45 dias
53EP0015,JALECO BRANCO ANTI. C/MANGA LONGA TAM.GG GOLA LARANJA,,UN,Importante,Vestimenta ESD,SEM-SALDO,0,5,10,45 dias
53EP0016,JALECO BRANCO ANTI. C/MANGA LONGA TAM. M GOLA LARANJA,,UN,Importante,Vestimenta ESD,ARM-04,16,10,20,45 dias
53EP0017,JALECO BRANCO ANTI. C/MANGA LONGA TAM. P GOLA LARANJA,,UN,Importante,Vestimenta ESD,ARM-04,5,10,20,45 dias
53EP0018,JALECO PRETO ANTI. C/MANGA LONGA TAM. XG,,UN,Importante,Vestimenta ESD,SEM-SALDO,0,10,20,45 dias
53EP0019,JALECO PRETO ANTI. C/MANGA LONGA TAM.EXG,,UN,Importante,Vestimenta ESD,SEM-SALDO,0,5,10,45 dias
53EP0020,JALECO PRETO ANTI. C/MANGA LONGA TAM. G,,UN,Importante,Vestimenta ESD,SEM-SALDO,0,10,20,45 dias
53EP0021,JALECO PRETO ANTI. C/MANGA LONGA TAM. GG,,UN,Importante,Vestimenta ESD,SEM-SALDO,0,5,10,45 dias
53EP0022,JALECO PRETO ANTI. C/MANGA LONGA TAM. M,,UN,Importante,Vestimenta ESD,SEM-SALDO,0,10,20,45 dias
53EP0023,JALECO PRETO ANTI. C/MANGA LONGA TAM. P,,UN,Importante,Vestimenta ESD,SEM-SALDO,0,10,20,45 dias
53EP0024,JALECO VINHO ANTI. C/MANGA LONGA TAM. EG,,UN,Importante,Vestimenta ESD,,0,5,10,45 dias
53EP0025,JALECO VINHO ANTI. C/MANGA LONGA TAM. G,,UN,Importante,Vestimenta ESD,ARM-01,7,5,10,45 dias
53EP0026,JALECO VINHO ANTI. C/MANGA LONGA TAM. GG,,UN,Importante,Vestimenta ESD,ARM-06,5,5,10,45 dias
53EP0027,JALECO VINHO ANTI. C/MANGA LONGA TAM. M,,UN,Importante,Vestimenta ESD,SEM-SALDO,0,10,20,45 dias
53EP0028,JALECO VINHO ANTI. C/MANGA LONGA TAM. P,,UN,Importante,Vestimenta ESD,ARM-01,8,10,20,45 dias
53EP0029,JAQUETA ESD AZUL PETROLEO TAM.EXG- GOLA AZUL MARINHO,,UN,Importante,Vestimenta ESD,SALA-COORDENADOR,5,5,10,45 dias
53EP0030,JAQUETA ESD AZUL PETROLEO TAM.G - GOLA AZUL MARINHO,,UN,Importante,Vestimenta ESD,SALA-COORDENADOR,4,10,20,45 dias
53EP0031,JAQUETA ESD AZUL PETROLEO TAM.GG - GOLA AZUL MARINHO,,UN,Importante,Vestimenta ESD,SALA-COORDENADOR,9,5,10,45 dias
53EP0032,JAQUETA ESD AZUL PETROLEO TAM.M - GOLA AZUL MARINHO,,UN,Importante,Vestimenta ESD,SALA-COORDENADOR,5,10,20,45 dias
53EP0033,JAQUETA ESD AZUL PETROLEO TAM.P - GOLA AZUL MARINHO,,UN,Importante,Vestimenta ESD,SALA-COORDENADOR,5,15,30,45 dias
53EP0034,JAQUETA ESD AZUL PETROLEO TAM.PP - GOLA AZUL MARINHO,,UN,Importante,Vestimenta ESD,,0,10,20,45 dias
53EP0035,JAQUETA ESD AZUL PETROLEO TAM.XG - GOLA AZUL MARINHO,,UN,Importante,Vestimenta ESD,SALA-COORDENADOR,1,10,20,45 dias
53EP0036,JAQUETA ESD AZUL PETROLEO TAM.EXGG - GOLA AZUL MARINHO,,UN,Importante,Vestimenta ESD,SALA-COORDENADOR,1,5,10,45 dias
53EP0037,JAQUETA ESD VERDE TAM.EXG- GOLA AZUL MARINHO,,UN,Importante,Vestimenta ESD,,0,5,10,45 dias
53EP0038,JAQUETA ESD VERDE TAM.EXGG- GOLA AZUL MARINHO,,UN,Importante,Vestimenta ESD,,0,5,10,45 dias
53EP0039,JAQUETA ESD VERDE TAM.G- GOLA AZUL MARINHO,,UN,Importante,Vestimenta ESD,,0,10,20,45 dias
53EP0040,JAQUETA ESD VERDE TAM.GG- GOLA AZUL MARINHO,,UN,Importante,Vestimenta ESD,,0,8,16,45 dias
53EP0041,JAQUETA ESD VERDE TAM.M- GOLA AZUL MARINHO,,UN,Importante,Vestimenta ESD,,0,10,20,45 dias
53EP0042,JAQUETA ESD VERDE TAM.P- GOLA AZUL MARINHO,,UN,Importante,Vestimenta ESD,,0,10,20,45 dias
53EP0051,LUVA AANTI-ESTATICA DISSIPADORA PRETA PALMA MAO-PU TAM.GG,,UN,Importante,ESD,SEM-SALDO,0,2,4,25 dias
53EP0056,COLETE ESD AZUL PETROLEO G,,UN,Importante,Vestimenta ESD,ARM-08,0,5,10,45 dias
53EP0057,COLETE ESD AZUL PETROLEO GG,,UN,Importante,Vestimenta ESD,ARM-07,17,5,10,45 dias
53EP0058,COLETE ESD AZUL PETROLEO M,,UN,Importante,Vestimenta ESD,ARM-08,12,10,20,45 dias
53EP0059,COLETE ESD AZUL PETROLEO P,,UN,Importante,Vestimenta ESD,ARM-10,11,10,20,45 dias
53EP0060,COLETE ESD AZUL PETROLEO PP,,UN,Importante,Vestimenta ESD,ARM-10,28,5,10,45 dias
53EP0061,COLETE ESD AZUL PETROLEO SM,,UN,Importante,Vestimenta ESD,SEM-SALDO,0,5,10,45 dias
53EP0062,GORRO ANTIESTATICO AZUL PETROLEO,,UN,Importante,Vestimenta ESD,ARM-13,42,30,60,45 dias
53EP0063,GORRO ANTIESTATICO BRANCO,,UN,Importante,Vestimenta ESD,ARM-13,139,60,120,45 dias
53EP0064,GORRO ANTIESTATICO LARANJA,,UN,Importante,Vestimenta ESD,ARM-13,45,10,20,45 dias
53EP0065,GORRO ANTIESTATICO VERDE,,UN,Importante,Vestimenta ESD,ARM-13,11,20,40,45 dias
53EP0066,GORRO ANTIESTATICO VINHO,,UN,Importante,Vestimenta ESD,ARM-13,35,20,40,45 dias
53EP0068,TOUCA DESCARTAVEL,,PCT,Importante,Vestimenta ESD,ARM-14,400,200,400,20 dias
53EP0115,JALECO PRETO ANTI. C/MANGA LONGA TAM. EXGG,,UN,Importante,Vestimenta ESD,SEM-SALDO,0,3,6,45 dias
53EP0116,JALECO PRETO ANTI. C/MANGA LONGA TAM. PP,,UN,Importante,Vestimenta ESD,SEM-SALDO,0,15,30,45 dias
53EP0117,Colete Azul Petróleo EXG,,UN,Importante,Vestimenta ESD,ARM-09,2,5,10,45 dias
"APLICADORDECOLAQUENTE11,2MM","APLICADOR DE COLA QUENTE 11,2MM","APLICADOR DE COLA QUENTE 11,2MM",UN,Importante,Consumivel,ARM-EXP-01,2,2,4,25 dias
CAMPAINHASEMFIOFAMEA002,CAMPAINHA SEM FIO FAME A002,CAMPAINHA SEM FIO FAME A002,UN,Importante,Consumivel,ARM-EXP-01,1,0,0,25 dias
CAMPAINHASEMFIOFAMEDRSCKN,CAMPAINHA SEM FIO FAME DRSCKN,CAMPAINHA SEM FIO FAME DRSCKN,UN,Importante,Consumivel,ARM-EXP-01,1,0,0,25 dias
CARIMBODELANCADONYKONC30D,CARIMBO DE LANCADO NYKON C30D,CARIMBO DE LANCADO NYKON C30D,UN,Importante,Consumivel,ARM-EXP-02,0,0,0,25 dias
COLETEAZULPETRÓLEOEXGG,Colete Azul Petróleo EXGG,Colete Azul Petróleo EXGG,UN,Importante,Vestimenta ESD,ARM-09,3,0,0,45 dias
FITADUREXC/LOGOINVENTUS,FITA DUREX C/ LOGO INVENTUS,,UN,Importante,Consumivel,ARM-11,30,50,100,25 dias
FITA018,FITA VEDA ROSCA 18MMX50MT PUMA,,UN,Importante,Consumivel,MRO-19,2,10,20,20 dias
HPC9386AL88CARTUCHODETINTACIANO13ML,HP C9386AL 88 CARTUCHO DE TINTA CIANO 13 ML,HP C9386AL 88 CARTUCHO DE TINTA CIANO 13 ML,UN,Importante,Impressão,ARM-EXP-04,1,2,4,25 dias
HPC9387AL88CARTUCHODETINTAMAGENTA13ML,HP C9387AL 88 CARTUCHO DE TINTA MAGENTA 13 ML,HP C9387AL 88 CARTUCHO DE TINTA MAGENTA 13 ML,UN,Importante,Impressão,ARM-EXP-04,1,2,4,25 dias
JALECOBRANCOANTI.C/MANGALONGATAM.EXG,JALECO BRANCO ANTI. C/MANGA LONGA TAM. EXG,JALECO BRANCO ANTI. C/MANGA LONGA TAM. EXG,UN,Importante,Vestimenta ESD,SALA-ALMOXARIFADO,1,10,20,45 dias
JALECOVINHOANTI.C/MANGALONGATAM.EXG,JALECO VINHO ANTI. C/MANGA LONGA TAM. EXG,JALECO VINHO ANTI. C/MANGA LONGA TAM. EXG,UN,Importante,Vestimenta ESD,ARM-06,1,3,6,45 dias
JALECOVINHOANTI.C/MANGALONGATAM.PP,JALECO VINHO ANTI. C/MANGA LONGA TAM. PP,JALECO VINHO ANTI. C/MANGA LONGA TAM. PP,UN,Importante,Vestimenta ESD,ARM-05,3,0,0,45 dias
"LAMINAPARAESTILETEOLFASKB-750MM2.0IN12,5MM0,5IN","LAMINA PARA ESTILETE OLFA SKB-7 50MM 2.0 IN 12,5MM 0,5 IN","LAMINA PARA ESTILETE OLFA SKB-7 50MM 2.0 IN 12,5MM 0,5 IN",UN,Importante,Corte,ARM-EXP-01,68,0,0,25 dias
LIMPADORALCALINO,LIMPADOR ALCALINO 20L,,GL,Importante,Químico,GAIOLA-02,2,0,0,25 dias
PONTAPHILLIPSPH2-65-D-31669MAKITA,PONTA PHILLIPS PH2-65-D-31669 MAKITA,,UN,Importante,Ponta,MRO-19,122,50,100,25 dias
PRESILHAPARACRACHA,PRESILHA PARA CRACHA - Jacare com alça transparente,PRESILHA PARA CRACHA - Jacare com alça transparente,UN,Importante,Consumivel,ARM-EXP-01,44,5,10,25 dias
TINTAPERMANENTEPILOTTC4242MLAZUL,TINTA PERMANENTE PILOT TC42 42ML AZUL,TINTA PERMANENTE PILOT TC42 42ML AZUL,UN,Importante,Expediente,ARM-EXP-04,4,0,0,25 dias
TINTAPERMANENTEPILOTTC4242MLPRETO,TINTA PERMANENTE PILOT TC42 42ML PRETO,TINTA PERMANENTE PILOT TC42 42ML PRETO,UN,Importante,Expediente,ARM-EXP-04,2,0,0,25 dias
TINTAPERMANENTEPILOTTC4242MLVERMELHO,TINTA PERMANENTE PILOT TC42 42ML VERMELHO,TINTA PERMANENTE PILOT TC42 42ML VERMELHO,UN,Importante,Expediente,ARM-EXP-04,1,0,0,25 dias
X101070029,PONTA DISPENSADORA ROSA CLARO METALICA 20G,,UN,Importante,Consumivel,,0,200,400,25 dias
X101070195,SERINGA DISPENSADORA PRETA PLAST.30CC C/PISTON,,UN,Importante,Consumivel,IM-22,0,50,100,25 dias
X101070195,PONTA DISPENSADORA DOSAGEM LARANJA,,UN,Importante,Consumivel,,0,80,160,25 dias
X101070442,PONTA DISPENSADORA VERDE OLIVA METALICA 14G,,UN,Importante,Consumivel,,0,150,300,25 dias
X101070478,PONTA DISPENSADORA DOSAGEM PRETA 16G,,UN,Importante,Consumivel,,0,200,400,25 dias
10PP0001,BOBINA TERMICA TAM.76X30M,,UN,Admin,Expediente,IM-21,50,10,20,25 dias
12PL0003,"ABRACADEIRA PLAST, NYLON,PRETA TAM.40CM",,UN,Admin,Consumivel,SEM-SALDO,0,180,360,20 dias
34FR0001,"ALICATE CORTADOR DESENCAPADOR 8"" 200MM",Nunca saiu,UN,Admin,Corte,SEM-SALDO,99999,5,10,20 dias
CARIMBO-001,CARIMBO AUTOENTIDADO,Carimbo Nykon Power Black 303 Preto,UN,Admin,Expediente,ARM-EXP-02,0,11,22,20 dias